timestamp,segundo,attack_id,attack_name,is_attack,cell_load_mbps,cell_capacity_mbps,util_pct,connected_users,cell_status,xapp_decision,policy_active,worker0_latency_ms,worker1_latency_ms,worker2_latency_ms,worker3_latency_ms,avg_latency_ms,temp_bbu_celsius,alarme_energia
2026-05-19T14:03:00,180,1,OVERLOAD_FABRICATE,1,276,100,276.0,9,overload,HANDOVER,False,10.89,16.97,11.07,18.45,14.34,42.8,False
2026-05-19T14:03:01,181,1,OVERLOAD_FABRICATE,1,265,100,265.0,9,overload,HANDOVER,False,14.01,11.3,9.35,12.84,11.88,40.6,False
2026-05-19T14:03:02,182,1,OVERLOAD_FABRICATE,1,216,100,216.0,14,overload,HANDOVER,False,9.8,11.97,14.91,11.9,12.15,40.1,False
2026-05-19T14:03:03,183,1,OVERLOAD_FABRICATE,1,222,100,222.0,19,overload,HANDOVER,False,8.88,7.7,13.6,13.88,11.02,40.1,False
2026-05-19T14:03:04,184,1,OVERLOAD_FABRICATE,1,227,100,227.0,20,overload,HANDOVER,False,11.1,8.85,13.22,12.04,11.3,43.3,False
2026-05-19T14:03:05,185,1,OVERLOAD_FABRICATE,1,229,100,229.0,16,overload,HANDOVER,False,15.82,10.49,7.4,14.41,12.03,41.0,False
2026-05-19T14:03:06,186,1,OVERLOAD_FABRICATE,1,225,100,225.0,8,overload,HANDOVER,False,12.31,16.27,11.23,11.25,12.77,41.0,False
2026-05-19T14:03:07,187,1,OVERLOAD_FABRICATE,1,273,100,273.0,17,overload,HANDOVER,False,7.87,11.05,7.74,9.83,9.12,43.3,False
2026-05-19T14:03:08,188,1,OVERLOAD_FABRICATE,1,210,100,210.0,17,overload,HANDOVER,False,9.65,15.12,13.71,16.12,13.65,41.2,False
2026-05-19T14:03:09,189,1,OVERLOAD_FABRICATE,1,256,100,256.0,9,overload,HANDOVER,False,15.6,10.91,12.81,8.52,11.96,42.1,False
2026-05-19T14:03:10,190,1,OVERLOAD_FABRICATE,1,270,100,270.0,8,overload,HANDOVER,False,6.44,5.64,11.99,12.54,9.15,40.1,False
2026-05-19T14:03:11,191,1,OVERLOAD_FABRICATE,1,254,100,254.0,11,overload,HANDOVER,False,11.55,7.8,12.66,7.15,9.79,43.2,False
2026-05-19T14:03:12,192,1,OVERLOAD_FABRICATE,1,215,100,215.0,13,overload,HANDOVER,False,6.73,10.43,14.36,16.65,12.04,41.3,False
2026-05-19T14:03:13,193,1,OVERLOAD_FABRICATE,1,271,100,271.0,18,overload,HANDOVER,False,12.67,13.47,10.48,4.97,10.4,41.9,False
2026-05-19T14:03:14,194,1,OVERLOAD_FABRICATE,1,235,100,235.0,8,overload,HANDOVER,False,13.6,5.96,10.96,14.37,11.22,40.1,False
2026-05-19T14:03:15,195,1,OVERLOAD_FABRICATE,1,279,100,279.0,15,overload,HANDOVER,False,11.9,17.02,13.02,14.63,14.14,41.6,False
2026-05-19T14:03:16,196,1,OVERLOAD_FABRICATE,1,252,100,252.0,12,overload,HANDOVER,False,14.04,14.03,15.8,8.83,13.18,43.1,False
2026-05-19T14:03:17,197,1,OVERLOAD_FABRICATE,1,259,100,259.0,13,overload,HANDOVER,False,15.47,11.42,5.18,12.11,11.04,43.6,False
2026-05-19T14:03:18,198,1,OVERLOAD_FABRICATE,1,220,100,220.0,19,overload,HANDOVER,False,9.17,13.45,13.89,11.94,12.11,42.1,False
2026-05-19T14:03:19,199,1,OVERLOAD_FABRICATE,1,223,100,223.0,9,overload,HANDOVER,False,10.82,14.22,7.5,13.59,11.53,41.2,False
2026-05-19T14:03:20,200,1,OVERLOAD_FABRICATE,1,266,100,266.0,13,overload,HANDOVER,False,7.43,13.58,15.52,9.81,11.59,40.7,False
2026-05-19T14:03:21,201,1,OVERLOAD_FABRICATE,1,217,100,217.0,9,overload,HANDOVER,False,10.54,9.3,7.02,11.59,9.61,41.7,False
2026-05-19T14:03:22,202,1,OVERLOAD_FABRICATE,1,213,100,213.0,10,overload,HANDOVER,False,14.62,8.32,10.56,12.59,11.52,40.6,False
2026-05-19T14:03:23,203,1,OVERLOAD_FABRICATE,1,256,100,256.0,13,overload,HANDOVER,False,9.12,14.61,8.43,9.23,10.35,40.9,False
2026-05-19T14:03:24,204,1,OVERLOAD_FABRICATE,1,257,100,257.0,15,overload,HANDOVER,False,12.32,8.09,9.03,11.44,10.22,43.8,False
2026-05-19T14:03:25,205,1,OVERLOAD_FABRICATE,1,241,100,241.0,9,overload,HANDOVER,False,13.9,12.31,5.4,11.26,10.72,42.6,False
2026-05-19T14:03:26,206,1,OVERLOAD_FABRICATE,1,243,100,243.0,19,overload,HANDOVER,False,2.51,15.33,10.52,18.52,11.72,40.5,False
2026-05-19T14:03:27,207,1,OVERLOAD_FABRICATE,1,225,100,225.0,10,overload,HANDOVER,False,13.98,9.37,14.62,10.06,12.01,42.0,False
2026-05-19T14:03:28,208,1,OVERLOAD_FABRICATE,1,250,100,250.0,18,overload,HANDOVER,False,11.37,12.9,5.9,10.34,10.13,40.4,False
2026-05-19T14:03:29,209,1,OVERLOAD_FABRICATE,1,232,100,232.0,20,overload,HANDOVER,False,10.62,13.63,17.29,11.5,13.26,43.4,False
2026-05-19T14:03:30,210,1,OVERLOAD_FABRICATE,1,273,100,273.0,8,overload,HANDOVER,False,9.49,15.0,3.61,13.74,10.46,40.9,False
2026-05-19T14:03:31,211,1,OVERLOAD_FABRICATE,1,221,100,221.0,9,overload,HANDOVER,False,7.68,23.04,11.29,8.41,12.61,40.5,False
2026-05-19T14:03:32,212,1,OVERLOAD_FABRICATE,1,219,100,219.0,10,overload,HANDOVER,False,16.24,11.26,7.69,13.4,12.15,43.1,False
2026-05-19T14:03:33,213,1,OVERLOAD_FABRICATE,1,280,100,280.0,18,overload,HANDOVER,False,7.63,9.31,14.44,14.57,11.49,41.4,False
2026-05-19T14:03:34,214,1,OVERLOAD_FABRICATE,1,225,100,225.0,16,overload,HANDOVER,False,13.03,13.48,9.92,16.23,13.16,43.5,False
2026-05-19T14:03:35,215,1,OVERLOAD_FABRICATE,1,276,100,276.0,12,overload,HANDOVER,False,13.29,10.12,9.49,9.15,10.51,41.4,False
2026-05-19T14:03:36,216,1,OVERLOAD_FABRICATE,1,248,100,248.0,17,overload,HANDOVER,False,8.53,11.26,15.5,18.24,13.38,40.5,False
2026-05-19T14:03:37,217,1,OVERLOAD_FABRICATE,1,253,100,253.0,17,overload,HANDOVER,False,17.79,13.53,18.38,15.57,16.32,40.6,False
2026-05-19T14:03:38,218,1,OVERLOAD_FABRICATE,1,243,100,243.0,18,overload,HANDOVER,False,12.95,15.79,11.45,11.5,12.92,43.1,False
2026-05-19T14:03:39,219,1,OVERLOAD_FABRICATE,1,279,100,279.0,12,overload,HANDOVER,False,10.4,10.02,12.18,17.44,12.51,43.6,False
2026-05-19T14:03:40,220,1,OVERLOAD_FABRICATE,1,268,100,268.0,9,overload,HANDOVER,False,11.34,10.37,9.11,13.7,11.13,41.6,False
2026-05-19T14:03:41,221,1,OVERLOAD_FABRICATE,1,228,100,228.0,13,overload,HANDOVER,False,13.7,9.99,14.75,11.79,12.56,41.4,False
2026-05-19T14:03:42,222,1,OVERLOAD_FABRICATE,1,257,100,257.0,16,overload,HANDOVER,False,9.56,11.01,9.69,12.49,10.69,41.6,False
2026-05-19T14:03:43,223,1,OVERLOAD_FABRICATE,1,222,100,222.0,8,overload,HANDOVER,False,11.26,14.86,10.3,10.5,11.73,41.0,False
2026-05-19T14:03:44,224,1,OVERLOAD_FABRICATE,1,230,100,230.0,13,overload,HANDOVER,False,16.38,10.06,12.65,13.64,13.18,43.5,False
2026-05-19T14:03:45,225,1,OVERLOAD_FABRICATE,1,269,100,269.0,15,overload,HANDOVER,False,14.55,9.58,14.53,13.61,13.07,44.0,False
2026-05-19T14:03:46,226,1,OVERLOAD_FABRICATE,1,240,100,240.0,11,overload,HANDOVER,False,11.18,11.53,11.21,15.97,12.47,41.8,False
2026-05-19T14:03:47,227,1,OVERLOAD_FABRICATE,1,270,100,270.0,12,overload,HANDOVER,False,6.34,10.67,6.37,14.61,9.5,43.4,False
2026-05-19T14:03:48,228,1,OVERLOAD_FABRICATE,1,261,100,261.0,13,overload,HANDOVER,False,12.93,12.27,9.37,10.92,11.37,42.9,False
2026-05-19T14:03:49,229,1,OVERLOAD_FABRICATE,1,259,100,259.0,16,overload,HANDOVER,False,8.39,13.16,13.91,8.27,10.93,41.2,False
2026-05-19T14:03:50,230,1,OVERLOAD_FABRICATE,1,226,100,226.0,9,overload,HANDOVER,False,7.8,15.3,8.23,18.01,12.34,42.4,False
2026-05-19T14:03:51,231,1,OVERLOAD_FABRICATE,1,235,100,235.0,17,overload,HANDOVER,False,8.47,11.8,13.56,12.46,11.57,43.0,False
2026-05-19T14:03:52,232,1,OVERLOAD_FABRICATE,1,270,100,270.0,16,overload,HANDOVER,False,8.05,13.09,9.34,11.74,10.55,41.3,False
2026-05-19T14:03:53,233,1,OVERLOAD_FABRICATE,1,230,100,230.0,14,overload,HANDOVER,False,16.91,11.71,11.17,14.59,13.59,42.5,False
2026-05-19T14:03:54,234,1,OVERLOAD_FABRICATE,1,278,100,278.0,15,overload,HANDOVER,False,11.35,9.55,13.15,9.37,10.85,43.3,False
2026-05-19T14:03:55,235,1,OVERLOAD_FABRICATE,1,263,100,263.0,17,overload,HANDOVER,False,9.72,18.0,14.93,8.96,12.9,42.7,False
2026-05-19T14:03:56,236,1,OVERLOAD_FABRICATE,1,243,100,243.0,18,overload,HANDOVER,False,13.07,6.92,7.76,9.75,9.38,42.4,False
2026-05-19T14:03:57,237,1,OVERLOAD_FABRICATE,1,231,100,231.0,16,overload,HANDOVER,False,9.13,8.98,12.92,10.57,10.4,42.3,False
2026-05-19T14:03:58,238,1,OVERLOAD_FABRICATE,1,214,100,214.0,17,overload,HANDOVER,False,13.37,11.54,14.58,12.31,12.95,42.7,False
2026-05-19T14:03:59,239,1,OVERLOAD_FABRICATE,1,236,100,236.0,14,overload,HANDOVER,False,7.88,11.95,6.27,13.03,9.78,40.6,False
2026-05-19T14:04:00,240,1,OVERLOAD_FABRICATE,1,227,100,227.0,16,overload,HANDOVER,False,12.7,14.57,10.08,8.88,11.56,42.9,False
2026-05-19T14:04:01,241,1,OVERLOAD_FABRICATE,1,232,100,232.0,15,overload,HANDOVER,False,14.34,10.56,8.86,16.09,12.46,41.3,False
2026-05-19T14:04:02,242,1,OVERLOAD_FABRICATE,1,243,100,243.0,17,overload,HANDOVER,False,4.5,12.75,11.54,14.48,10.82,42.9,False
2026-05-19T14:04:03,243,1,OVERLOAD_FABRICATE,1,248,100,248.0,20,overload,HANDOVER,False,11.5,13.98,11.27,9.48,11.56,43.8,False
2026-05-19T14:04:04,244,1,OVERLOAD_FABRICATE,1,245,100,245.0,12,overload,HANDOVER,False,15.25,15.12,5.89,17.76,13.5,41.4,False
2026-05-19T14:04:05,245,1,OVERLOAD_FABRICATE,1,228,100,228.0,12,overload,HANDOVER,False,19.22,13.95,17.99,15.24,16.6,43.3,False
2026-05-19T14:04:06,246,1,OVERLOAD_FABRICATE,1,271,100,271.0,11,overload,HANDOVER,False,13.11,15.56,16.23,10.11,13.75,42.6,False
2026-05-19T14:04:07,247,1,OVERLOAD_FABRICATE,1,240,100,240.0,11,overload,HANDOVER,False,18.18,14.04,12.33,14.16,14.68,40.5,False
2026-05-19T14:04:08,248,1,OVERLOAD_FABRICATE,1,252,100,252.0,19,overload,HANDOVER,False,7.53,12.78,17.04,17.89,13.81,40.4,False
2026-05-19T14:04:09,249,1,OVERLOAD_FABRICATE,1,230,100,230.0,14,overload,HANDOVER,False,8.46,6.93,7.7,12.66,8.94,43.9,False
2026-05-19T14:04:10,250,1,OVERLOAD_FABRICATE,1,246,100,246.0,13,overload,HANDOVER,False,11.77,13.02,12.51,7.67,11.24,43.0,False
2026-05-19T14:04:11,251,1,OVERLOAD_FABRICATE,1,214,100,214.0,10,overload,HANDOVER,False,7.02,14.82,12.75,11.67,11.57,40.9,False
2026-05-19T14:04:12,252,1,OVERLOAD_FABRICATE,1,273,100,273.0,10,overload,HANDOVER,False,19.08,9.02,17.49,9.25,13.71,43.3,False
2026-05-19T14:04:13,253,1,OVERLOAD_FABRICATE,1,223,100,223.0,13,overload,HANDOVER,False,10.06,20.81,8.63,11.06,12.64,40.0,False
2026-05-19T14:04:14,254,1,OVERLOAD_FABRICATE,1,274,100,274.0,15,overload,HANDOVER,False,11.22,17.4,9.64,16.25,13.63,43.8,False
2026-05-19T14:04:15,255,1,OVERLOAD_FABRICATE,1,233,100,233.0,8,overload,HANDOVER,False,11.55,6.71,7.4,9.91,8.89,42.6,False
2026-05-19T14:04:16,256,1,OVERLOAD_FABRICATE,1,261,100,261.0,14,overload,HANDOVER,False,10.73,11.88,11.07,10.32,11.0,40.7,False
2026-05-19T14:04:17,257,1,OVERLOAD_FABRICATE,1,251,100,251.0,11,overload,HANDOVER,False,14.95,12.13,9.77,12.78,12.41,40.6,False
2026-05-19T14:04:18,258,1,OVERLOAD_FABRICATE,1,211,100,211.0,12,overload,HANDOVER,False,9.38,8.21,13.39,12.57,10.89,41.3,False
2026-05-19T14:04:19,259,1,OVERLOAD_FABRICATE,1,261,100,261.0,18,overload,HANDOVER,False,5.63,11.9,11.26,9.52,9.58,41.2,False
2026-05-19T14:04:20,260,1,OVERLOAD_FABRICATE,1,247,100,247.0,13,overload,HANDOVER,False,10.41,10.61,13.16,13.29,11.87,40.5,False
2026-05-19T14:04:21,261,1,OVERLOAD_FABRICATE,1,257,100,257.0,14,overload,HANDOVER,False,10.03,5.67,12.25,6.61,8.64,43.0,False
2026-05-19T14:04:22,262,1,OVERLOAD_FABRICATE,1,241,100,241.0,18,overload,HANDOVER,False,12.18,5.91,14.84,13.61,11.63,43.3,False
2026-05-19T14:04:23,263,1,OVERLOAD_FABRICATE,1,219,100,219.0,17,overload,HANDOVER,False,16.29,15.65,13.65,10.84,14.11,42.8,False
2026-05-19T14:04:24,264,1,OVERLOAD_FABRICATE,1,231,100,231.0,13,overload,HANDOVER,False,13.98,9.43,9.98,7.68,10.27,42.1,False
2026-05-19T14:04:25,265,1,OVERLOAD_FABRICATE,1,275,100,275.0,15,overload,HANDOVER,False,13.19,8.92,8.7,11.72,10.63,42.0,False
2026-05-19T14:04:26,266,1,OVERLOAD_FABRICATE,1,269,100,269.0,18,overload,HANDOVER,False,13.68,7.5,7.62,15.36,11.04,40.2,False
2026-05-19T14:04:27,267,1,OVERLOAD_FABRICATE,1,219,100,219.0,8,overload,HANDOVER,False,7.87,14.15,10.98,11.73,11.18,43.0,False
2026-05-19T14:04:28,268,1,OVERLOAD_FABRICATE,1,270,100,270.0,8,overload,HANDOVER,False,11.56,13.84,14.83,15.23,13.86,43.6,False
2026-05-19T14:04:29,269,1,OVERLOAD_FABRICATE,1,263,100,263.0,13,overload,HANDOVER,False,14.94,11.87,16.46,7.23,12.62,42.9,False
2026-05-19T14:04:30,270,1,OVERLOAD_FABRICATE,1,279,100,279.0,10,overload,HANDOVER,False,10.42,9.72,13.62,15.35,12.28,41.5,False
2026-05-19T14:04:31,271,1,OVERLOAD_FABRICATE,1,238,100,238.0,8,overload,HANDOVER,False,12.32,3.69,7.35,13.1,9.12,42.1,False
2026-05-19T14:04:32,272,1,OVERLOAD_FABRICATE,1,258,100,258.0,11,overload,HANDOVER,False,12.04,14.77,10.87,18.97,14.16,41.7,False
2026-05-19T14:04:33,273,1,OVERLOAD_FABRICATE,1,224,100,224.0,8,overload,HANDOVER,False,13.14,9.09,12.63,5.81,10.17,42.9,False
2026-05-19T14:04:34,274,1,OVERLOAD_FABRICATE,1,236,100,236.0,9,overload,HANDOVER,False,12.63,12.46,8.18,9.3,10.64,40.1,False
2026-05-19T14:04:35,275,1,OVERLOAD_FABRICATE,1,215,100,215.0,14,overload,HANDOVER,False,8.53,13.4,12.14,6.81,10.22,40.2,False
2026-05-19T14:04:36,276,1,OVERLOAD_FABRICATE,1,247,100,247.0,11,overload,HANDOVER,False,13.95,7.54,10.3,15.68,11.87,40.6,False
2026-05-19T14:04:37,277,1,OVERLOAD_FABRICATE,1,251,100,251.0,11,overload,HANDOVER,False,11.47,13.58,10.87,10.21,11.53,42.7,False
2026-05-19T14:04:38,278,1,OVERLOAD_FABRICATE,1,217,100,217.0,16,overload,HANDOVER,False,17.85,10.04,15.57,9.78,13.31,41.2,False
2026-05-19T14:04:39,279,1,OVERLOAD_FABRICATE,1,273,100,273.0,8,overload,HANDOVER,False,19.04,10.76,9.5,7.36,11.66,41.7,False
2026-05-19T14:04:40,280,1,OVERLOAD_FABRICATE,1,263,100,263.0,14,overload,HANDOVER,False,13.73,14.35,12.09,8.6,12.19,41.3,False
2026-05-19T14:04:41,281,1,OVERLOAD_FABRICATE,1,248,100,248.0,19,overload,HANDOVER,False,14.06,14.64,14.89,13.1,14.17,43.4,False
2026-05-19T14:04:42,282,1,OVERLOAD_FABRICATE,1,277,100,277.0,10,overload,HANDOVER,False,10.24,13.48,11.41,13.07,12.05,41.7,False
2026-05-19T14:04:43,283,1,OVERLOAD_FABRICATE,1,257,100,257.0,9,overload,HANDOVER,False,6.5,10.75,14.77,12.93,11.24,41.8,False
2026-05-19T14:04:44,284,1,OVERLOAD_FABRICATE,1,215,100,215.0,9,overload,HANDOVER,False,13.92,16.7,11.38,8.21,12.55,42.4,False
2026-05-19T14:04:45,285,1,OVERLOAD_FABRICATE,1,252,100,252.0,12,overload,HANDOVER,False,12.51,11.86,19.08,9.05,13.12,41.9,False
2026-05-19T14:04:46,286,1,OVERLOAD_FABRICATE,1,271,100,271.0,11,overload,HANDOVER,False,10.43,7.59,10.23,13.34,10.4,40.5,False
2026-05-19T14:04:47,287,1,OVERLOAD_FABRICATE,1,246,100,246.0,14,overload,HANDOVER,False,7.76,12.91,10.98,14.64,11.57,41.3,False
2026-05-19T14:04:48,288,1,OVERLOAD_FABRICATE,1,269,100,269.0,9,overload,HANDOVER,False,13.56,7.46,12.19,9.37,10.64,43.5,False
2026-05-19T14:04:49,289,1,OVERLOAD_FABRICATE,1,250,100,250.0,14,overload,HANDOVER,False,17.75,13.7,11.97,11.46,13.72,40.8,False
2026-05-19T14:04:50,290,1,OVERLOAD_FABRICATE,1,263,100,263.0,12,overload,HANDOVER,False,13.54,14.2,7.86,15.89,12.87,42.2,False
2026-05-19T14:04:51,291,1,OVERLOAD_FABRICATE,1,253,100,253.0,12,overload,HANDOVER,False,12.29,8.54,11.19,7.15,9.79,42.0,False
2026-05-19T14:04:52,292,1,OVERLOAD_FABRICATE,1,255,100,255.0,10,overload,HANDOVER,False,14.41,14.91,14.53,17.76,15.4,41.8,False
2026-05-19T14:04:53,293,1,OVERLOAD_FABRICATE,1,217,100,217.0,16,overload,HANDOVER,False,17.68,13.23,16.19,10.5,14.4,44.0,False
2026-05-19T14:04:54,294,1,OVERLOAD_FABRICATE,1,262,100,262.0,10,overload,HANDOVER,False,13.2,10.18,11.89,11.61,11.72,43.1,False
2026-05-19T14:04:55,295,1,OVERLOAD_FABRICATE,1,257,100,257.0,8,overload,HANDOVER,False,8.72,9.0,9.44,9.7,9.21,42.0,False
2026-05-19T14:04:56,296,1,OVERLOAD_FABRICATE,1,210,100,210.0,16,overload,HANDOVER,False,11.56,11.85,9.64,11.56,11.15,42.0,False
2026-05-19T14:04:57,297,1,OVERLOAD_FABRICATE,1,212,100,212.0,16,overload,HANDOVER,False,13.74,7.86,14.27,5.83,10.43,43.9,False
2026-05-19T14:04:58,298,1,OVERLOAD_FABRICATE,1,222,100,222.0,16,overload,HANDOVER,False,13.16,13.58,6.56,11.09,11.1,40.4,False
2026-05-19T14:04:59,299,1,OVERLOAD_FABRICATE,1,260,100,260.0,9,overload,HANDOVER,False,9.86,14.19,3.62,8.37,9.01,41.1,False
2026-05-19T14:05:00,300,1,OVERLOAD_FABRICATE,1,220,100,220.0,18,overload,HANDOVER,False,16.34,11.77,15.0,12.6,13.93,40.9,False
2026-05-19T14:05:01,301,1,OVERLOAD_FABRICATE,1,270,100,270.0,8,overload,HANDOVER,False,8.95,8.46,17.03,14.88,12.33,41.5,False
2026-05-19T14:05:02,302,1,OVERLOAD_FABRICATE,1,252,100,252.0,17,overload,HANDOVER,False,20.02,10.85,17.31,7.87,14.01,42.6,False
2026-05-19T14:05:03,303,1,OVERLOAD_FABRICATE,1,270,100,270.0,12,overload,HANDOVER,False,13.13,12.34,17.74,9.1,13.08,40.9,False
2026-05-19T14:05:04,304,1,OVERLOAD_FABRICATE,1,214,100,214.0,10,overload,HANDOVER,False,14.35,10.87,15.87,11.04,13.03,42.3,False
2026-05-19T14:05:05,305,1,OVERLOAD_FABRICATE,1,260,100,260.0,9,overload,HANDOVER,False,10.82,15.68,6.67,9.62,10.7,43.0,False
2026-05-19T14:05:06,306,1,OVERLOAD_FABRICATE,1,279,100,279.0,13,overload,HANDOVER,False,8.33,15.28,13.15,7.56,11.08,42.7,False
2026-05-19T14:05:07,307,1,OVERLOAD_FABRICATE,1,254,100,254.0,8,overload,HANDOVER,False,13.78,13.26,15.63,13.88,14.14,40.3,False
2026-05-19T14:05:08,308,1,OVERLOAD_FABRICATE,1,260,100,260.0,20,overload,HANDOVER,False,10.04,15.77,12.69,8.79,11.82,42.5,False
2026-05-19T14:05:09,309,1,OVERLOAD_FABRICATE,1,280,100,280.0,14,overload,HANDOVER,False,7.88,13.88,11.32,10.92,11.0,40.9,False
2026-05-19T14:05:10,310,1,OVERLOAD_FABRICATE,1,241,100,241.0,19,overload,HANDOVER,False,14.12,13.06,8.17,15.59,12.73,42.5,False
2026-05-19T14:05:11,311,1,OVERLOAD_FABRICATE,1,259,100,259.0,13,overload,HANDOVER,False,11.16,13.01,15.05,10.86,12.52,40.6,False
2026-05-19T14:05:12,312,1,OVERLOAD_FABRICATE,1,223,100,223.0,10,overload,HANDOVER,False,14.72,13.66,8.63,10.74,11.94,43.0,False
2026-05-19T14:05:13,313,1,OVERLOAD_FABRICATE,1,221,100,221.0,13,overload,HANDOVER,False,8.19,10.65,13.29,6.15,9.57,40.4,False
2026-05-19T14:05:14,314,1,OVERLOAD_FABRICATE,1,262,100,262.0,14,overload,HANDOVER,False,12.88,7.26,3.24,8.56,7.99,40.0,False
2026-05-19T14:05:15,315,1,OVERLOAD_FABRICATE,1,276,100,276.0,10,overload,HANDOVER,False,11.28,10.32,11.72,14.36,11.92,41.0,False
2026-05-19T14:05:16,316,1,OVERLOAD_FABRICATE,1,231,100,231.0,14,overload,HANDOVER,False,11.59,14.5,12.58,9.22,11.97,40.6,False
2026-05-19T14:05:17,317,1,OVERLOAD_FABRICATE,1,273,100,273.0,17,overload,HANDOVER,False,9.53,9.78,12.23,12.26,10.95,43.8,False
2026-05-19T14:05:18,318,1,OVERLOAD_FABRICATE,1,258,100,258.0,20,overload,HANDOVER,False,14.09,9.54,6.93,14.36,11.23,41.6,False
2026-05-19T14:05:19,319,1,OVERLOAD_FABRICATE,1,227,100,227.0,12,overload,HANDOVER,False,8.87,18.57,12.79,14.48,13.68,42.6,False
2026-05-19T14:05:20,320,1,OVERLOAD_FABRICATE,1,250,100,250.0,12,overload,HANDOVER,False,11.6,7.77,17.13,10.95,11.86,43.9,False
2026-05-19T14:05:21,321,1,OVERLOAD_FABRICATE,1,245,100,245.0,20,overload,HANDOVER,False,10.85,12.92,8.3,10.43,10.62,41.3,False
2026-05-19T14:05:22,322,1,OVERLOAD_FABRICATE,1,280,100,280.0,8,overload,HANDOVER,False,15.19,11.03,11.17,8.89,11.57,42.2,False
2026-05-19T14:05:23,323,1,OVERLOAD_FABRICATE,1,218,100,218.0,20,overload,HANDOVER,False,13.25,7.69,13.63,13.95,12.13,41.2,False
2026-05-19T14:05:24,324,1,OVERLOAD_FABRICATE,1,229,100,229.0,19,overload,HANDOVER,False,9.42,13.36,8.16,13.27,11.05,41.0,False
2026-05-19T14:05:25,325,1,OVERLOAD_FABRICATE,1,278,100,278.0,16,overload,HANDOVER,False,17.37,9.2,11.28,12.4,12.56,42.3,False
2026-05-19T14:05:26,326,1,OVERLOAD_FABRICATE,1,278,100,278.0,17,overload,HANDOVER,False,11.18,11.04,12.52,7.64,10.59,43.9,False
2026-05-19T14:05:27,327,1,OVERLOAD_FABRICATE,1,215,100,215.0,17,overload,HANDOVER,False,16.49,11.54,7.95,14.96,12.73,41.4,False
2026-05-19T14:05:28,328,1,OVERLOAD_FABRICATE,1,265,100,265.0,9,overload,HANDOVER,False,14.32,12.15,8.38,11.76,11.65,43.9,False
2026-05-19T14:05:29,329,1,OVERLOAD_FABRICATE,1,238,100,238.0,15,overload,HANDOVER,False,9.65,14.38,10.03,7.85,10.48,42.3,False
2026-05-19T14:05:30,330,1,OVERLOAD_FABRICATE,1,213,100,213.0,15,overload,HANDOVER,False,14.46,13.9,13.45,11.65,13.37,40.6,False
2026-05-19T14:05:31,331,1,OVERLOAD_FABRICATE,1,228,100,228.0,13,overload,HANDOVER,False,10.75,15.06,12.92,15.32,13.51,43.8,False
2026-05-19T14:05:32,332,1,OVERLOAD_FABRICATE,1,266,100,266.0,19,overload,HANDOVER,False,11.14,9.52,10.3,17.2,12.04,41.9,False
2026-05-19T14:05:33,333,1,OVERLOAD_FABRICATE,1,253,100,253.0,18,overload,HANDOVER,False,16.16,15.41,16.46,9.9,14.48,40.5,False
2026-05-19T14:05:34,334,1,OVERLOAD_FABRICATE,1,280,100,280.0,10,overload,HANDOVER,False,10.46,14.76,6.79,13.27,11.32,42.1,False
2026-05-19T14:05:35,335,1,OVERLOAD_FABRICATE,1,233,100,233.0,18,overload,HANDOVER,False,10.34,9.49,11.51,5.8,9.28,42.5,False
2026-05-19T14:05:36,336,1,OVERLOAD_FABRICATE,1,264,100,264.0,14,overload,HANDOVER,False,14.09,12.06,11.17,16.61,13.48,41.8,False
2026-05-19T14:05:37,337,1,OVERLOAD_FABRICATE,1,223,100,223.0,20,overload,HANDOVER,False,13.34,10.61,10.48,14.95,12.34,43.2,False
2026-05-19T14:05:38,338,1,OVERLOAD_FABRICATE,1,272,100,272.0,16,overload,HANDOVER,False,14.54,11.45,9.71,13.93,12.41,41.0,False
2026-05-19T14:05:39,339,1,OVERLOAD_FABRICATE,1,255,100,255.0,15,overload,HANDOVER,False,7.93,8.3,11.31,9.57,9.28,40.5,False
2026-05-19T14:05:40,340,1,OVERLOAD_FABRICATE,1,220,100,220.0,18,overload,HANDOVER,False,13.0,13.12,11.35,13.79,12.81,42.5,False
2026-05-19T14:05:41,341,1,OVERLOAD_FABRICATE,1,275,100,275.0,14,overload,HANDOVER,False,10.58,12.8,10.57,13.28,11.81,42.8,False
2026-05-19T14:05:42,342,1,OVERLOAD_FABRICATE,1,232,100,232.0,16,overload,HANDOVER,False,13.24,14.15,14.22,17.32,14.73,42.5,False
2026-05-19T14:05:43,343,1,OVERLOAD_FABRICATE,1,255,100,255.0,8,overload,HANDOVER,False,10.03,12.19,9.13,14.57,11.48,42.5,False
2026-05-19T14:05:44,344,1,OVERLOAD_FABRICATE,1,262,100,262.0,18,overload,HANDOVER,False,7.29,12.25,10.3,12.63,10.62,42.6,False
2026-05-19T14:05:45,345,1,OVERLOAD_FABRICATE,1,238,100,238.0,12,overload,HANDOVER,False,14.1,12.44,10.74,17.07,13.59,42.3,False
2026-05-19T14:05:46,346,1,OVERLOAD_FABRICATE,1,273,100,273.0,16,overload,HANDOVER,False,8.1,11.73,11.58,15.73,11.79,42.3,False
2026-05-19T14:05:47,347,1,OVERLOAD_FABRICATE,1,279,100,279.0,20,overload,HANDOVER,False,16.62,13.24,3.3,9.39,10.64,44.0,False
2026-05-19T14:05:48,348,1,OVERLOAD_FABRICATE,1,241,100,241.0,12,overload,HANDOVER,False,12.54,11.46,11.52,17.95,13.37,40.4,False
2026-05-19T14:05:49,349,1,OVERLOAD_FABRICATE,1,225,100,225.0,20,overload,HANDOVER,False,12.78,10.09,11.64,7.43,10.48,40.3,False
2026-05-19T14:05:50,350,1,OVERLOAD_FABRICATE,1,264,100,264.0,10,overload,HANDOVER,False,8.08,8.49,14.11,7.0,9.42,43.4,False
2026-05-19T14:05:51,351,1,OVERLOAD_FABRICATE,1,278,100,278.0,12,overload,HANDOVER,False,10.51,10.96,14.47,11.67,11.9,42.3,False
2026-05-19T14:05:52,352,1,OVERLOAD_FABRICATE,1,275,100,275.0,18,overload,HANDOVER,False,12.64,10.51,12.0,8.91,11.02,42.3,False
2026-05-19T14:05:53,353,1,OVERLOAD_FABRICATE,1,245,100,245.0,18,overload,HANDOVER,False,16.2,16.3,12.01,16.73,15.31,40.2,False
2026-05-19T14:05:54,354,1,OVERLOAD_FABRICATE,1,260,100,260.0,15,overload,HANDOVER,False,14.66,15.31,9.98,9.91,12.46,43.3,False
2026-05-19T14:05:55,355,1,OVERLOAD_FABRICATE,1,221,100,221.0,14,overload,HANDOVER,False,9.59,11.76,14.65,10.88,11.72,40.3,False
2026-05-19T14:05:56,356,1,OVERLOAD_FABRICATE,1,251,100,251.0,17,overload,HANDOVER,False,17.17,12.08,11.47,7.17,11.97,43.8,False
2026-05-19T14:05:57,357,1,OVERLOAD_FABRICATE,1,255,100,255.0,9,overload,HANDOVER,False,12.86,9.1,17.49,10.89,12.59,41.8,False
2026-05-19T14:05:58,358,1,OVERLOAD_FABRICATE,1,251,100,251.0,12,overload,HANDOVER,False,9.94,15.36,8.84,10.6,11.19,42.0,False
2026-05-19T14:05:59,359,1,OVERLOAD_FABRICATE,1,216,100,216.0,8,overload,HANDOVER,False,16.26,15.08,10.5,12.39,13.56,41.4,False
2026-05-19T14:06:00,360,2,LATENCY_POISON,1,88,100,88.0,34,normal,KEEP,True,3.1,16.34,17.23,8.66,11.33,43.4,False
2026-05-19T14:06:01,361,2,LATENCY_POISON,1,115,100,115.0,28,overload,HANDOVER,True,11.99,14.89,13.48,10.97,12.83,41.2,False
2026-05-19T14:06:02,362,2,LATENCY_POISON,1,79,100,79.0,43,normal,KEEP,True,13.13,12.73,12.28,13.18,12.83,41.6,False
2026-05-19T14:06:03,363,2,LATENCY_POISON,1,93,100,93.0,41,normal,KEEP,False,2330.31,15.66,3.85,10.59,590.1,42.4,False
2026-05-19T14:06:04,364,2,LATENCY_POISON,1,84,100,84.0,22,normal,KEEP,True,1608.64,12.75,11.1,14.81,411.82,40.3,False
2026-05-19T14:06:05,365,2,LATENCY_POISON,1,115,100,115.0,24,overload,HANDOVER,True,2039.24,10.62,10.85,10.77,517.87,43.3,False
2026-05-19T14:06:06,366,2,LATENCY_POISON,1,118,100,118.0,33,overload,HANDOVER,False,13.67,13.18,12.72,12.06,12.91,43.0,False
2026-05-19T14:06:07,367,2,LATENCY_POISON,1,87,100,87.0,30,normal,KEEP,True,2218.17,8.0,12.05,16.07,563.57,41.5,False
2026-05-19T14:06:08,368,2,LATENCY_POISON,1,78,100,78.0,44,normal,KEEP,True,10.62,9.87,8.44,11.6,10.13,42.9,False
2026-05-19T14:06:09,369,2,LATENCY_POISON,1,78,100,78.0,40,normal,KEEP,True,12.6,9.86,10.32,13.46,11.56,43.0,False
2026-05-19T14:06:10,370,2,LATENCY_POISON,1,64,100,64.0,36,normal,KEEP,True,13.46,11.36,14.49,9.02,12.08,42.6,False
2026-05-19T14:06:11,371,2,LATENCY_POISON,1,103,100,103.0,25,overload,HANDOVER,False,12.07,11.45,14.13,12.96,12.65,41.5,False
2026-05-19T14:06:12,372,2,LATENCY_POISON,1,63,100,63.0,45,normal,KEEP,False,9.56,9.44,7.98,14.36,10.34,40.2,False
2026-05-19T14:06:13,373,2,LATENCY_POISON,1,94,100,94.0,37,normal,KEEP,True,1481.8,9.98,11.86,13.33,379.24,40.3,False
2026-05-19T14:06:14,374,2,LATENCY_POISON,1,100,100,100.0,44,normal,KEEP,True,1762.47,8.52,14.12,11.36,449.12,41.6,False
2026-05-19T14:06:15,375,2,LATENCY_POISON,1,119,100,119.0,33,overload,HANDOVER,True,10.0,10.37,11.74,7.08,9.8,41.0,False
2026-05-19T14:06:16,376,2,LATENCY_POISON,1,105,100,105.0,24,overload,HANDOVER,True,2896.64,6.81,11.24,11.67,731.59,40.5,False
2026-05-19T14:06:17,377,2,LATENCY_POISON,1,109,100,109.0,28,overload,HANDOVER,True,10.22,17.35,13.0,11.85,13.11,40.5,False
2026-05-19T14:06:18,378,2,LATENCY_POISON,1,96,100,96.0,40,normal,KEEP,True,13.08,10.99,11.93,13.15,12.29,42.8,False
2026-05-19T14:06:19,379,2,LATENCY_POISON,1,109,100,109.0,23,overload,HANDOVER,True,1919.41,10.6,17.75,13.63,490.35,40.6,False
2026-05-19T14:06:20,380,2,LATENCY_POISON,1,90,100,90.0,31,normal,KEEP,False,15.29,18.88,17.28,13.19,16.16,41.0,False
2026-05-19T14:06:21,381,2,LATENCY_POISON,1,101,100,101.0,33,overload,HANDOVER,True,1715.76,11.56,9.65,14.56,437.88,42.9,False
2026-05-19T14:06:22,382,2,LATENCY_POISON,1,117,100,117.0,21,overload,HANDOVER,True,1934.7,13.36,14.91,12.86,493.96,42.0,False
2026-05-19T14:06:23,383,2,LATENCY_POISON,1,115,100,115.0,29,overload,HANDOVER,False,2016.8,14.01,12.1,9.65,513.14,43.5,False
2026-05-19T14:06:24,384,2,LATENCY_POISON,1,89,100,89.0,31,normal,KEEP,False,11.0,12.79,7.19,6.88,9.46,42.5,False
2026-05-19T14:06:25,385,2,LATENCY_POISON,1,119,100,119.0,33,overload,HANDOVER,True,1562.13,10.46,15.28,6.8,398.67,40.6,False
2026-05-19T14:06:26,386,2,LATENCY_POISON,1,60,100,60.0,44,normal,KEEP,False,11.8,10.61,9.83,11.59,10.96,43.8,False
2026-05-19T14:06:27,387,2,LATENCY_POISON,1,63,100,63.0,24,normal,KEEP,False,2826.8,14.9,9.81,11.12,715.66,42.0,False
2026-05-19T14:06:28,388,2,LATENCY_POISON,1,65,100,65.0,38,normal,KEEP,True,9.24,10.04,9.72,11.1,10.03,43.9,False
2026-05-19T14:06:29,389,2,LATENCY_POISON,1,68,100,68.0,27,normal,KEEP,False,1493.02,11.41,13.46,7.58,381.37,42.6,False
2026-05-19T14:06:30,390,2,LATENCY_POISON,1,80,100,80.0,34,normal,KEEP,False,2875.82,15.38,15.88,13.1,730.05,42.9,False
2026-05-19T14:06:31,391,2,LATENCY_POISON,1,80,100,80.0,33,normal,KEEP,True,12.9,14.0,11.55,11.16,12.4,41.8,False
2026-05-19T14:06:32,392,2,LATENCY_POISON,1,70,100,70.0,45,normal,KEEP,False,14.2,11.72,11.19,13.37,12.62,40.5,False
2026-05-19T14:06:33,393,2,LATENCY_POISON,1,75,100,75.0,31,normal,KEEP,False,9.71,10.97,9.91,12.75,10.84,40.4,False
2026-05-19T14:06:34,394,2,LATENCY_POISON,1,88,100,88.0,37,normal,KEEP,True,1024.2,11.96,12.41,10.53,264.78,41.6,False
2026-05-19T14:06:35,395,2,LATENCY_POISON,1,109,100,109.0,27,overload,HANDOVER,True,1681.28,9.25,5.49,15.44,427.87,40.2,False
2026-05-19T14:06:36,396,2,LATENCY_POISON,1,64,100,64.0,20,normal,KEEP,True,2221.17,14.01,12.48,10.77,564.61,43.7,False
2026-05-19T14:06:37,397,2,LATENCY_POISON,1,111,100,111.0,30,overload,HANDOVER,True,1814.19,13.93,15.41,13.31,464.21,43.4,False
2026-05-19T14:06:38,398,2,LATENCY_POISON,1,103,100,103.0,33,overload,HANDOVER,True,2798.27,9.29,11.49,15.22,708.57,40.1,False
2026-05-19T14:06:39,399,2,LATENCY_POISON,1,99,100,99.0,39,normal,KEEP,True,5.79,12.04,10.73,12.17,10.18,40.6,False
2026-05-19T14:06:40,400,2,LATENCY_POISON,1,86,100,86.0,26,normal,KEEP,True,13.72,6.94,17.22,11.65,12.38,41.5,False
2026-05-19T14:06:41,401,2,LATENCY_POISON,1,94,100,94.0,45,normal,KEEP,False,2044.43,10.96,14.15,15.99,521.38,41.4,False
2026-05-19T14:06:42,402,2,LATENCY_POISON,1,111,100,111.0,44,overload,HANDOVER,False,2981.37,12.66,6.97,11.06,753.01,40.1,False
2026-05-19T14:06:43,403,2,LATENCY_POISON,1,70,100,70.0,23,normal,KEEP,True,11.43,17.49,12.88,11.49,13.32,44.0,False
2026-05-19T14:06:44,404,2,LATENCY_POISON,1,74,100,74.0,38,normal,KEEP,False,2646.29,13.05,10.46,7.46,669.32,44.0,False
2026-05-19T14:06:45,405,2,LATENCY_POISON,1,118,100,118.0,38,overload,HANDOVER,True,9.02,9.68,15.12,16.58,12.6,42.8,False
2026-05-19T14:06:46,406,2,LATENCY_POISON,1,111,100,111.0,35,overload,HANDOVER,False,883.52,17.69,15.82,13.41,232.61,43.3,False
2026-05-19T14:06:47,407,2,LATENCY_POISON,1,90,100,90.0,20,normal,KEEP,False,12.48,13.51,10.61,5.42,10.51,40.1,False
2026-05-19T14:06:48,408,2,LATENCY_POISON,1,80,100,80.0,21,normal,KEEP,True,2350.33,12.92,13.13,9.18,596.39,43.4,False
2026-05-19T14:06:49,409,2,LATENCY_POISON,1,105,100,105.0,41,overload,HANDOVER,False,11.53,10.63,14.27,16.81,13.31,40.3,False
2026-05-19T14:06:50,410,2,LATENCY_POISON,1,100,100,100.0,35,normal,KEEP,False,2931.23,11.26,9.61,5.53,739.41,41.7,False
2026-05-19T14:06:51,411,2,LATENCY_POISON,1,74,100,74.0,41,normal,KEEP,True,2414.79,11.48,13.8,16.67,614.19,43.1,False
2026-05-19T14:06:52,412,2,LATENCY_POISON,1,114,100,114.0,44,overload,HANDOVER,True,1500.08,12.05,13.49,8.15,383.44,42.3,False
2026-05-19T14:06:53,413,2,LATENCY_POISON,1,66,100,66.0,35,normal,KEEP,True,971.17,10.5,14.16,6.95,250.69,42.6,False
2026-05-19T14:06:54,414,2,LATENCY_POISON,1,102,100,102.0,40,overload,HANDOVER,False,6.18,11.78,14.26,14.1,11.58,43.3,False
2026-05-19T14:06:55,415,2,LATENCY_POISON,1,60,100,60.0,21,normal,KEEP,False,12.95,10.42,12.88,6.68,10.73,40.4,False
2026-05-19T14:06:56,416,2,LATENCY_POISON,1,84,100,84.0,23,normal,KEEP,False,15.19,7.54,9.62,12.5,11.21,41.4,False
2026-05-19T14:06:57,417,2,LATENCY_POISON,1,62,100,62.0,29,normal,KEEP,True,2893.66,15.25,13.64,12.82,733.84,43.2,False
2026-05-19T14:06:58,418,2,LATENCY_POISON,1,106,100,106.0,22,overload,HANDOVER,True,2967.61,15.67,9.09,8.03,750.1,41.5,False
2026-05-19T14:06:59,419,2,LATENCY_POISON,1,87,100,87.0,25,normal,KEEP,True,1252.21,13.83,13.71,16.31,324.01,42.4,False
2026-05-19T14:07:00,420,2,LATENCY_POISON,1,106,100,106.0,37,overload,HANDOVER,False,11.6,13.29,9.04,14.36,12.07,42.9,False
2026-05-19T14:07:01,421,2,LATENCY_POISON,1,63,100,63.0,31,normal,KEEP,True,10.78,16.25,10.38,10.82,12.06,42.0,False
2026-05-19T14:07:02,422,2,LATENCY_POISON,1,70,100,70.0,40,normal,KEEP,False,10.53,12.25,12.74,8.7,11.05,40.1,False
2026-05-19T14:07:03,423,2,LATENCY_POISON,1,76,100,76.0,22,normal,KEEP,False,2748.08,9.78,14.38,11.72,695.99,43.6,False
2026-05-19T14:07:04,424,2,LATENCY_POISON,1,77,100,77.0,38,normal,KEEP,True,2332.24,15.34,15.66,14.54,594.44,40.9,False
2026-05-19T14:07:05,425,2,LATENCY_POISON,1,86,100,86.0,44,normal,KEEP,True,14.99,7.34,8.76,13.82,11.23,43.2,False
2026-05-19T14:07:06,426,2,LATENCY_POISON,1,90,100,90.0,38,normal,KEEP,True,17.7,15.08,11.21,8.55,13.14,43.5,False
2026-05-19T14:07:07,427,2,LATENCY_POISON,1,111,100,111.0,38,overload,HANDOVER,True,2465.82,16.03,19.66,17.37,629.72,43.6,False
2026-05-19T14:07:08,428,2,LATENCY_POISON,1,87,100,87.0,22,normal,KEEP,False,2609.64,11.05,14.41,15.23,662.58,40.5,False
2026-05-19T14:07:09,429,2,LATENCY_POISON,1,106,100,106.0,45,overload,HANDOVER,True,2024.0,6.4,10.1,5.36,511.46,41.3,False
2026-05-19T14:07:10,430,2,LATENCY_POISON,1,104,100,104.0,39,overload,HANDOVER,False,1129.21,11.17,8.38,10.39,289.79,40.0,False
2026-05-19T14:07:11,431,2,LATENCY_POISON,1,66,100,66.0,23,normal,KEEP,True,16.16,7.43,13.69,10.37,11.91,43.9,False
2026-05-19T14:07:12,432,2,LATENCY_POISON,1,96,100,96.0,39,normal,KEEP,False,1405.91,14.54,15.23,11.71,361.85,42.6,False
2026-05-19T14:07:13,433,2,LATENCY_POISON,1,81,100,81.0,42,normal,KEEP,True,1845.48,11.21,11.66,14.88,470.81,43.6,False
2026-05-19T14:07:14,434,2,LATENCY_POISON,1,110,100,110.0,29,overload,HANDOVER,False,1881.56,11.55,10.71,13.1,479.23,41.4,False
2026-05-19T14:07:15,435,2,LATENCY_POISON,1,88,100,88.0,44,normal,KEEP,False,1716.9,10.82,10.82,10.47,437.25,43.9,False
2026-05-19T14:07:16,436,2,LATENCY_POISON,1,112,100,112.0,33,overload,HANDOVER,False,15.74,7.88,10.24,11.83,11.42,40.8,False
2026-05-19T14:07:17,437,2,LATENCY_POISON,1,92,100,92.0,32,normal,KEEP,True,8.15,11.41,14.82,17.43,12.95,41.2,False
2026-05-19T14:07:18,438,2,LATENCY_POISON,1,63,100,63.0,27,normal,KEEP,True,16.08,9.69,11.16,17.52,13.61,40.8,False
2026-05-19T14:07:19,439,2,LATENCY_POISON,1,100,100,100.0,23,normal,KEEP,True,1875.33,4.81,14.53,8.25,475.73,42.0,False
2026-05-19T14:07:20,440,2,LATENCY_POISON,1,113,100,113.0,28,overload,HANDOVER,True,1650.44,12.6,14.03,15.34,423.1,41.4,False
2026-05-19T14:07:21,441,2,LATENCY_POISON,1,114,100,114.0,27,overload,HANDOVER,True,11.63,15.06,17.18,12.66,14.13,43.9,False
2026-05-19T14:07:22,442,2,LATENCY_POISON,1,60,100,60.0,35,normal,KEEP,True,11.69,11.77,11.92,17.42,13.2,43.1,False
2026-05-19T14:07:23,443,2,LATENCY_POISON,1,105,100,105.0,40,overload,HANDOVER,False,10.02,13.95,11.96,15.36,12.82,41.2,False
2026-05-19T14:07:24,444,2,LATENCY_POISON,1,112,100,112.0,39,overload,HANDOVER,False,23.58,12.54,17.61,10.8,16.13,42.7,False
2026-05-19T14:07:25,445,2,LATENCY_POISON,1,98,100,98.0,39,normal,KEEP,False,1037.83,20.24,15.5,8.21,270.44,42.2,False
2026-05-19T14:07:26,446,2,LATENCY_POISON,1,105,100,105.0,40,overload,HANDOVER,False,1938.05,7.39,12.06,13.02,492.63,41.0,False
2026-05-19T14:07:27,447,2,LATENCY_POISON,1,111,100,111.0,39,overload,HANDOVER,False,9.98,7.65,6.19,3.41,6.81,43.4,False
2026-05-19T14:07:28,448,2,LATENCY_POISON,1,86,100,86.0,32,normal,KEEP,False,3.57,7.16,13.11,9.48,8.33,41.0,False
2026-05-19T14:07:29,449,2,LATENCY_POISON,1,103,100,103.0,37,overload,HANDOVER,False,10.32,8.85,15.24,7.25,10.42,42.9,False
2026-05-19T14:07:30,450,2,LATENCY_POISON,1,71,100,71.0,29,normal,KEEP,True,11.73,7.19,5.83,9.6,8.59,43.5,False
2026-05-19T14:07:31,451,2,LATENCY_POISON,1,117,100,117.0,30,overload,HANDOVER,True,1291.32,14.17,9.74,14.19,332.36,43.8,False
2026-05-19T14:07:32,452,2,LATENCY_POISON,1,89,100,89.0,23,normal,KEEP,False,2195.67,10.11,8.34,9.98,556.03,42.3,False
2026-05-19T14:07:33,453,2,LATENCY_POISON,1,72,100,72.0,36,normal,KEEP,True,10.14,13.71,17.55,13.96,13.84,41.9,False
2026-05-19T14:07:34,454,2,LATENCY_POISON,1,72,100,72.0,30,normal,KEEP,False,18.89,6.5,15.71,16.68,14.45,40.5,False
2026-05-19T14:07:35,455,2,LATENCY_POISON,1,65,100,65.0,35,normal,KEEP,False,13.89,15.81,14.4,12.07,14.04,40.7,False
2026-05-19T14:07:36,456,2,LATENCY_POISON,1,70,100,70.0,38,normal,KEEP,True,12.11,10.72,8.8,9.2,10.21,43.0,False
2026-05-19T14:07:37,457,2,LATENCY_POISON,1,90,100,90.0,32,normal,KEEP,True,1238.71,11.65,12.36,9.51,318.06,41.6,False
2026-05-19T14:07:38,458,2,LATENCY_POISON,1,103,100,103.0,20,overload,HANDOVER,True,2729.37,17.1,11.47,13.29,692.81,40.8,False
2026-05-19T14:07:39,459,2,LATENCY_POISON,1,79,100,79.0,25,normal,KEEP,True,11.26,14.37,11.44,8.0,11.27,42.0,False
2026-05-19T14:07:40,460,2,LATENCY_POISON,1,116,100,116.0,41,overload,HANDOVER,True,2783.04,10.77,13.5,18.36,706.42,41.4,False
2026-05-19T14:07:41,461,2,LATENCY_POISON,1,74,100,74.0,27,normal,KEEP,True,848.21,9.85,10.46,11.96,220.12,41.6,False
2026-05-19T14:07:42,462,2,LATENCY_POISON,1,110,100,110.0,21,overload,HANDOVER,False,11.87,15.71,21.26,14.92,15.94,42.8,False
2026-05-19T14:07:43,463,2,LATENCY_POISON,1,101,100,101.0,20,overload,HANDOVER,True,9.46,13.47,8.75,11.0,10.67,42.6,False
2026-05-19T14:07:44,464,2,LATENCY_POISON,1,104,100,104.0,41,overload,HANDOVER,True,2255.66,10.76,9.97,10.72,571.78,40.6,False
2026-05-19T14:07:45,465,2,LATENCY_POISON,1,66,100,66.0,36,normal,KEEP,True,2526.47,11.0,7.89,12.06,639.35,43.3,False
2026-05-19T14:07:46,466,2,LATENCY_POISON,1,113,100,113.0,36,overload,HANDOVER,True,1701.46,14.02,15.2,15.87,436.64,43.1,False
2026-05-19T14:07:47,467,2,LATENCY_POISON,1,75,100,75.0,20,normal,KEEP,True,9.55,16.75,8.85,11.17,11.58,41.9,False
2026-05-19T14:07:48,468,2,LATENCY_POISON,1,92,100,92.0,22,normal,KEEP,True,10.51,9.96,9.39,14.33,11.05,40.4,False
2026-05-19T14:07:49,469,2,LATENCY_POISON,1,112,100,112.0,25,overload,HANDOVER,True,11.67,9.12,15.47,10.67,11.73,40.2,False
2026-05-19T14:07:50,470,2,LATENCY_POISON,1,116,100,116.0,21,overload,HANDOVER,True,12.67,11.05,10.43,9.99,11.04,43.4,False
2026-05-19T14:07:51,471,2,LATENCY_POISON,1,116,100,116.0,43,overload,HANDOVER,True,1553.99,14.51,14.29,13.99,399.19,42.5,False
2026-05-19T14:07:52,472,2,LATENCY_POISON,1,113,100,113.0,32,overload,HANDOVER,False,8.82,7.69,15.51,15.02,11.76,41.8,False
2026-05-19T14:07:53,473,2,LATENCY_POISON,1,120,100,120.0,25,overload,HANDOVER,True,7.45,9.08,11.17,10.29,9.5,40.2,False
2026-05-19T14:07:54,474,2,LATENCY_POISON,1,82,100,82.0,39,normal,KEEP,True,15.52,8.69,14.68,9.83,12.18,41.5,False
2026-05-19T14:07:55,475,2,LATENCY_POISON,1,116,100,116.0,33,overload,HANDOVER,False,1375.55,10.16,16.31,9.76,352.94,42.0,False
2026-05-19T14:07:56,476,2,LATENCY_POISON,1,96,100,96.0,27,normal,KEEP,False,7.39,10.42,8.15,7.59,8.39,42.3,False
2026-05-19T14:07:57,477,2,LATENCY_POISON,1,102,100,102.0,41,overload,HANDOVER,False,2618.16,13.98,15.22,9.41,664.19,41.9,False
2026-05-19T14:07:58,478,2,LATENCY_POISON,1,119,100,119.0,25,overload,HANDOVER,False,12.81,11.13,9.78,12.12,11.46,40.0,False
2026-05-19T14:07:59,479,2,LATENCY_POISON,1,63,100,63.0,36,normal,KEEP,True,8.0,15.82,14.86,13.55,13.06,43.9,False
